,City,Country,Lat,Lng,Max Temp,Humidity,Cloudiness,Wind Speed,Weather Description,Date
0,Albany,US,42.6001,-73.9662,37.67,76,100,1.01,overcast clouds,2021-12-02 04:39:44
1,Qaanaaq,GL,77.484,-69.3632,4.39,68,30,7.74,scattered clouds,2021-12-02 04:39:45
2,Rikitea,PF,-23.1203,-134.9692,75.79,77,5,19.37,light rain,2021-12-02 04:39:47
3,La Paz,BO,-16.5,-68.15,44.58,93,40,4.61,fog,2021-12-02 04:39:47
4,East London,ZA,-33.0153,27.9116,65.34,100,90,6.91,mist,2021-12-02 04:39:47
5,Raymondville,US,26.4815,-97.7831,73.24,85,100,5.99,overcast clouds,2021-12-02 04:39:48
6,Turayf,SA,31.6725,38.6637,46.65,100,0,6.91,clear sky,2021-12-02 04:39:48
7,Khatanga,RU,71.9667,102.5,-42.23,100,92,0.6,overcast clouds,2021-12-02 04:39:48
8,Kathmandu,NP,27.7167,85.3167,62.82,63,75,3.44,broken clouds,2021-12-02 04:39:41
9,Xapuri,BR,-10.6517,-68.5044,74.88,87,99,3.24,overcast clouds,2021-12-02 04:39:49
10,New Norfolk,AU,-42.7826,147.0587,82.76,57,89,6.87,moderate rain,2021-12-02 04:39:49
11,Buala,SB,-8.145,159.5921,84.25,72,80,0.25,light rain,2021-12-02 04:39:49
12,Tuktoyaktuk,CA,69.4541,-133.0374,-13.0,77,90,5.75,light snow,2021-12-02 04:39:49
13,Hermanus,ZA,-34.4187,19.2345,59.9,72,63,8.72,light rain,2021-12-02 04:39:50
14,Hagere Selam,ET,6.4833,38.5167,52.59,55,24,3.24,few clouds,2021-12-02 04:39:50
15,Coahuayana,MX,18.7333,-103.6833,73.54,89,0,3.71,clear sky,2021-12-02 04:39:51
16,Chabahar,IR,25.2919,60.643,76.59,38,0,2.21,clear sky,2021-12-02 04:39:51
17,Lata,PT,40.1629,-8.3327,52.21,90,100,11.14,overcast clouds,2021-12-02 04:39:51
18,Iisalmi,FI,63.5592,27.1907,8.62,100,83,1.83,broken clouds,2021-12-02 04:39:52
19,Kodiak,US,57.79,-152.4072,17.11,73,90,19.57,light snow,2021-12-02 04:38:42
20,Ushuaia,AR,-54.8,-68.3,42.46,81,40,19.57,scattered clouds,2021-12-02 04:39:52
21,Priladozhskiy,RU,59.85,31.4833,17.26,96,82,4.09,broken clouds,2021-12-02 04:39:52
22,Codrington,AU,-38.2667,141.9667,62.08,73,77,22.01,broken clouds,2021-12-02 04:39:53
23,Nanortalik,GL,60.1432,-45.2371,33.51,87,100,19.77,light snow,2021-12-02 04:39:53
24,Tessalit,ML,20.1986,1.0114,68.67,18,30,8.97,scattered clouds,2021-12-02 04:39:53
25,Mar Del Plata,AR,-38.0023,-57.5575,59.88,87,1,8.01,clear sky,2021-12-02 04:39:53
26,Mataura,NZ,-46.1927,168.8643,64.47,49,100,4.9,overcast clouds,2021-12-02 04:37:04
27,Thompson,CA,55.7435,-97.8558,-9.24,84,20,5.75,few clouds,2021-12-02 04:39:54
28,Cape Town,ZA,-33.9258,18.4232,60.12,77,40,13.8,scattered clouds,2021-12-02 04:39:54
29,Klaksvik,FO,62.2266,-6.589,34.72,64,98,21.27,overcast clouds,2021-12-02 04:39:54
30,Busselton,AU,-33.65,115.3333,75.09,38,4,4.45,clear sky,2021-12-02 04:39:55
31,Bambous Virieux,MU,-20.3428,57.7575,84.22,69,75,11.5,broken clouds,2021-12-02 04:39:55
32,Korla,CN,41.7597,86.1469,29.37,46,1,7.45,clear sky,2021-12-02 04:39:55
33,Nikolskoye,RU,59.7035,30.7861,17.49,98,92,2.24,overcast clouds,2021-12-02 04:39:56
34,Puerto Ayora,EC,-0.7393,-90.3518,68.0,91,39,6.78,scattered clouds,2021-12-02 04:39:56
35,Punta Arenas,CL,-53.15,-70.9167,42.91,70,0,8.05,clear sky,2021-12-02 04:39:56
36,Esperance,AU,-33.8667,121.9,69.64,61,34,17.65,scattered clouds,2021-12-02 04:39:57
37,Beringovskiy,RU,63.05,179.3167,-7.91,96,68,7.65,broken clouds,2021-12-02 04:39:57
38,Katsuura,JP,35.1333,140.3,55.51,36,0,4.03,clear sky,2021-12-02 04:39:58
39,Guerrero Negro,MX,27.9769,-114.0611,63.61,84,32,9.04,scattered clouds,2021-12-02 04:39:58
40,Atuona,PF,-9.8,-139.0333,78.73,76,62,21.5,broken clouds,2021-12-02 04:36:47
41,Hilo,US,19.7297,-155.09,73.13,89,20,3.44,few clouds,2021-12-02 04:36:34
42,Corrientes,AR,-27.4806,-58.8341,70.02,77,0,1.01,clear sky,2021-12-02 04:40:01
43,Adre,TD,13.4667,22.2,66.22,31,3,17.56,clear sky,2021-12-02 04:40:01
44,Porto Nacional,BR,-10.7081,-48.4172,77.0,94,100,3.22,overcast clouds,2021-12-02 04:41:02
45,Aguimes,ES,27.9054,-15.4461,63.23,68,75,17.27,broken clouds,2021-12-02 04:41:02
46,Vaini,TO,-21.2,-175.2,82.56,69,20,11.5,few clouds,2021-12-02 04:41:02
47,Nome,US,64.5011,-165.4064,-9.33,64,1,6.91,clear sky,2021-12-02 04:41:03
48,Labuhan,ID,-6.8844,112.2051,87.44,62,100,3.6,overcast clouds,2021-12-02 04:41:03
49,Provideniya,RU,64.3833,-173.3,0.36,50,79,4.47,broken clouds,2021-12-02 04:37:03
50,Nouadhibou,MR,20.931,-17.0347,60.78,48,78,19.57,broken clouds,2021-12-02 04:41:03
51,Bredasdorp,ZA,-34.5322,20.0403,59.97,65,73,10.85,broken clouds,2021-12-02 04:41:04
52,Sanchor,IN,24.7553,71.7722,72.9,43,68,2.46,broken clouds,2021-12-02 04:41:04
53,Haines Junction,CA,60.7522,-137.5108,12.15,92,100,1.14,light snow,2021-12-02 04:41:04
54,Atchison,US,39.563,-95.1216,59.32,62,35,11.74,scattered clouds,2021-12-02 04:41:05
55,Centralia,US,46.7162,-122.9543,55.08,83,90,0.0,overcast clouds,2021-12-02 04:36:46
56,Lavrentiya,RU,65.5833,-171.0,-11.42,83,1,5.46,clear sky,2021-12-02 04:41:05
57,Newport,GB,51.5877,-2.9984,40.77,81,31,9.24,scattered clouds,2021-12-02 04:41:01
58,Luderitz,NA,-26.6481,15.1594,60.48,65,0,15.9,clear sky,2021-12-02 04:41:05
59,Heyang,CN,26.1011,107.473,54.37,42,100,3.11,overcast clouds,2021-12-02 04:41:06
60,Port Macquarie,AU,-31.4333,152.9167,76.89,73,45,11.65,scattered clouds,2021-12-02 04:39:45
61,Fortuna,US,40.5982,-124.1573,50.67,59,90,0.0,overcast clouds,2021-12-02 04:41:07
62,Te Anau,NZ,-45.4167,167.7167,72.41,52,100,1.39,overcast clouds,2021-12-02 04:41:07
63,Bluff,NZ,-46.6,168.3333,64.8,81,100,13.06,overcast clouds,2021-12-02 04:41:08
64,Nabire,ID,-3.3667,135.4833,79.47,87,100,2.26,light rain,2021-12-02 04:41:08
65,Nuuk,GL,64.1835,-51.7216,27.7,96,100,30.27,snow,2021-12-02 04:41:08
66,Marzuq,YE,14.4,46.4667,64.44,24,0,0.87,clear sky,2021-12-02 04:41:08
67,Palauig,PH,15.435,119.9045,82.35,64,67,5.7,broken clouds,2021-12-02 04:41:09
68,Butaritari,KI,3.0707,172.7902,82.38,75,82,11.39,broken clouds,2021-12-02 04:41:09
69,Lebu,CL,-37.6167,-73.65,52.7,88,100,14.61,overcast clouds,2021-12-02 04:41:09
70,Cherskiy,RU,68.75,161.3,-35.77,100,46,3.87,scattered clouds,2021-12-02 04:41:09
71,Mutsu,JP,41.2894,141.2169,36.0,69,75,24.16,broken clouds,2021-12-02 04:41:10
72,Dingle,PH,10.9995,122.6711,78.33,90,100,11.34,heavy intensity rain,2021-12-02 04:41:10
73,Yellowknife,CA,62.456,-114.3525,-1.68,84,75,9.22,light snow,2021-12-02 04:41:10
74,Fernie,CA,49.5,-115.0687,52.77,83,100,12.08,overcast clouds,2021-12-02 04:41:10
75,Gravdal,NO,68.1214,13.5031,34.57,56,100,30.2,overcast clouds,2021-12-02 04:41:11
76,Lorengau,PG,-2.0226,147.2712,83.28,75,100,3.11,overcast clouds,2021-12-02 04:41:11
77,Kapaa,US,22.0752,-159.319,80.58,80,20,4.0,light rain,2021-12-02 04:41:11
78,Hobart,AU,-42.8794,147.3294,83.12,79,75,1.01,broken clouds,2021-12-02 04:40:53
79,Vardo,NO,70.3705,31.1107,28.6,60,100,31.03,light snow,2021-12-02 04:41:11
80,Tasiilaq,GL,65.6145,-37.6368,25.52,89,100,29.19,light snow,2021-12-02 04:41:12
81,Lasa,IT,46.6166,10.7002,36.86,96,100,3.53,overcast clouds,2021-12-02 04:41:12
82,Kenai,US,60.5544,-151.2583,17.69,83,90,9.22,light snow,2021-12-02 04:41:12
83,Ancud,CL,-41.8697,-73.8203,42.33,78,100,5.77,overcast clouds,2021-12-02 04:41:13
84,Mobaye,CF,4.319,21.1786,72.59,91,100,2.08,light rain,2021-12-02 04:41:13
85,Ponta Do Sol,PT,32.6667,-17.1,65.01,73,20,4.47,few clouds,2021-12-02 04:41:13
86,Sendai,JP,38.2689,140.8719,47.59,45,40,18.41,scattered clouds,2021-12-02 04:41:13
87,Bani Walid,LY,31.7566,13.9942,49.23,50,46,9.98,scattered clouds,2021-12-02 04:41:14
88,Aracruz,BR,-19.8203,-40.2733,74.41,97,32,3.33,scattered clouds,2021-12-02 04:41:14
89,Cabo San Lucas,MX,22.8909,-109.9124,77.5,65,1,9.22,clear sky,2021-12-02 04:37:31
90,Susanino,RU,58.1461,41.5872,20.59,92,99,10.63,overcast clouds,2021-12-02 04:42:14
91,Nantucket,US,41.2835,-70.0995,46.51,67,75,3.44,broken clouds,2021-12-02 04:42:15
92,Jamestown,US,42.097,-79.2353,40.59,92,90,3.0,overcast clouds,2021-12-02 04:42:15
93,Coquimbo,CL,-29.9533,-71.3436,56.93,88,0,2.3,clear sky,2021-12-02 04:42:15
94,Cidreira,BR,-30.1811,-50.2056,65.48,70,96,6.38,overcast clouds,2021-12-02 04:42:15
95,Gander,CA,48.9682,-54.5906,32.16,80,90,5.99,overcast clouds,2021-12-02 04:42:16
96,Palmer,US,42.1584,-72.3287,36.64,75,90,0.0,overcast clouds,2021-12-02 04:42:16
97,Luanda,AO,-8.8368,13.2343,75.2,100,75,6.91,drizzle,2021-12-02 04:42:16
98,Xinzhou,CN,38.4092,112.7333,39.79,25,0,2.57,clear sky,2021-12-02 04:42:17
99,Carnarvon,AU,-24.8667,113.6333,80.67,41,0,19.57,clear sky,2021-12-02 04:42:17
100,Cayenne,GF,4.9333,-52.3333,81.09,86,75,5.01,moderate rain,2021-12-02 04:42:17
101,Hambantota,LK,6.1241,81.1185,84.54,79,20,3.44,few clouds,2021-12-02 04:42:17
102,Nan,TH,18.8333,100.6667,75.22,57,0,4.61,clear sky,2021-12-02 04:40:10
103,Gunjur,GM,13.2019,-16.7339,71.67,56,77,5.75,dust,2021-12-02 04:42:18
104,El Monte,US,34.0686,-118.0276,73.62,41,1,0.0,haze,2021-12-02 04:42:18
105,Barrow,US,71.2906,-156.7887,-9.38,70,90,6.91,overcast clouds,2021-12-02 04:42:18
106,Tiksi,RU,71.6872,128.8694,-29.31,100,78,3.69,broken clouds,2021-12-02 04:42:19
107,Udachnyy,RU,66.4167,112.4,-24.23,100,97,4.05,overcast clouds,2021-12-02 04:42:19
108,Chara,RU,56.9064,118.2631,2.7,83,80,0.09,broken clouds,2021-12-02 04:42:19
109,Aden,YE,12.7794,45.0367,79.66,60,0,14.03,clear sky,2021-12-02 04:42:19
110,Beyneu,KZ,45.3167,55.2,39.74,77,100,14.25,overcast clouds,2021-12-02 04:42:20
111,Ust-Maya,RU,60.4167,134.5333,-17.19,90,13,4.16,few clouds,2021-12-02 04:42:20
112,Kavieng,PG,-2.5744,150.7967,84.56,69,58,8.19,broken clouds,2021-12-02 04:42:20
113,Hithadhoo,MV,-0.6,73.0833,82.2,75,75,7.18,broken clouds,2021-12-02 04:42:20
114,Wageningen,NL,51.9667,5.6667,39.85,92,75,8.05,broken clouds,2021-12-02 04:42:21
115,Shelburne,CA,44.0787,-80.2041,36.55,93,100,16.31,overcast clouds,2021-12-02 04:42:21
116,Mahebourg,MU,-20.4081,57.7,84.25,69,75,11.5,broken clouds,2021-12-02 04:42:21
117,Norman Wells,CA,65.282,-126.8329,-21.96,69,75,6.91,light snow,2021-12-02 04:42:21
118,Victoria,HK,22.2855,114.1577,70.18,38,11,1.99,few clouds,2021-12-02 04:38:00
119,Luganville,VU,-15.5333,167.1667,82.54,79,35,9.15,scattered clouds,2021-12-02 04:42:22
120,Rorvik,NO,64.8621,11.2373,29.62,74,98,12.73,overcast clouds,2021-12-02 04:42:22
121,Phulabani,IN,20.4667,84.2333,74.98,44,41,3.42,scattered clouds,2021-12-02 04:40:09
122,Bongandanga,CD,1.5,21.05,69.64,98,100,2.37,overcast clouds,2021-12-02 04:42:22
123,Vila Velha,BR,-20.3297,-40.2925,75.15,93,40,1.14,scattered clouds,2021-12-02 04:38:10
124,Ambon,ID,-3.6954,128.1814,78.94,89,40,6.91,scattered clouds,2021-12-02 04:42:23
125,Avarua,CK,-21.2078,-159.775,77.05,88,20,13.8,light rain,2021-12-02 04:42:23
126,Petrovskoye,RU,57.0104,39.2693,16.45,91,98,10.38,overcast clouds,2021-12-02 04:42:23
127,Eucaliptus,BO,-17.5833,-67.5167,50.77,70,92,12.06,overcast clouds,2021-12-02 04:42:24
128,Popondetta,PG,-8.7537,148.2534,88.14,63,97,7.34,overcast clouds,2021-12-02 04:42:24
129,Kiunga,PG,-6.1219,141.2906,89.53,60,94,4.03,overcast clouds,2021-12-02 04:42:24
130,Ruston,US,32.5232,-92.6379,58.82,82,1,4.61,clear sky,2021-12-02 04:42:24
131,Singaparna,ID,-7.3515,108.111,87.06,56,64,4.21,broken clouds,2021-12-02 04:42:25
132,Yulara,AU,-25.2406,130.9889,105.64,6,0,13.8,clear sky,2021-12-02 04:42:25
133,Denpasar,ID,-8.65,115.2167,85.71,79,40,11.5,light rain,2021-12-02 04:42:25
134,Avera,US,33.194,-82.5271,57.07,53,66,6.58,broken clouds,2021-12-02 04:42:25
135,Ifo,NG,6.8144,3.1958,80.22,94,86,3.47,overcast clouds,2021-12-02 04:42:26
136,Jalu,LY,29.0331,21.5482,54.09,77,93,4.5,overcast clouds,2021-12-02 04:42:26
137,Airai,TL,-8.9266,125.4092,76.98,55,63,2.21,broken clouds,2021-12-02 04:42:26
138,Nyurba,RU,63.2842,118.3319,-16.46,94,100,2.48,overcast clouds,2021-12-02 04:43:27
139,Aykhal,RU,66.0,111.5,-26.48,100,96,3.31,overcast clouds,2021-12-02 04:43:27
140,Dehloran,IR,32.6941,47.2679,65.71,60,65,12.57,broken clouds,2021-12-02 04:43:27
141,Port Elizabeth,ZA,-33.918,25.5701,66.09,77,20,21.85,few clouds,2021-12-02 04:43:27
142,Magistralnyy,RU,56.1725,107.4458,9.19,82,100,7.14,overcast clouds,2021-12-02 04:43:28
143,Barmer,IN,25.75,71.3833,72.5,45,82,6.02,broken clouds,2021-12-02 04:43:28
144,Port Alfred,ZA,-33.5906,26.891,65.57,93,96,18.7,light rain,2021-12-02 04:43:28
145,Hasaki,JP,35.7333,140.8333,54.0,33,0,7.83,clear sky,2021-12-02 04:43:29
146,Alice Springs,AU,-23.7,133.8833,98.15,9,2,14.97,clear sky,2021-12-02 04:43:30
147,Awjilah,LY,29.1081,21.2869,54.36,77,75,4.83,broken clouds,2021-12-02 04:43:30
148,Cap Malheureux,MU,-19.9842,57.6142,84.47,64,1,8.99,clear sky,2021-12-02 04:43:30
149,Sao Jose Da Coroa Grande,BR,-8.8978,-35.1478,79.05,81,96,10.6,overcast clouds,2021-12-02 04:43:30
150,Pegnitz,DE,49.7564,11.545,39.78,96,100,8.34,overcast clouds,2021-12-02 04:43:31
151,Toyooka,JP,35.5333,134.8333,51.85,66,75,5.75,broken clouds,2021-12-02 04:43:31
152,Lagos,NG,6.5833,3.75,80.92,92,85,2.71,overcast clouds,2021-12-02 04:40:27
153,Geraldton,AU,-28.7667,114.6,75.61,50,16,25.32,few clouds,2021-12-02 04:43:32
154,Petatlan,MX,17.5167,-101.2667,74.73,92,6,3.11,clear sky,2021-12-02 04:43:32
155,Unguia,CO,8.0434,-77.0945,74.05,97,87,1.54,overcast clouds,2021-12-02 04:43:33
156,Kaitangata,NZ,-46.2817,169.8464,64.92,82,100,9.98,overcast clouds,2021-12-02 04:43:34
157,Ellisras,ZA,-23.6649,27.7443,79.03,48,4,10.51,clear sky,2021-12-02 04:43:34
158,Saint-Philippe,RE,-21.3585,55.7679,81.95,82,58,11.72,light rain,2021-12-02 04:43:35
159,Nanakuli,US,21.3906,-158.1547,80.55,67,1,8.05,clear sky,2021-12-02 04:43:35
160,Saint-Pierre,RE,-21.3393,55.4781,82.04,84,90,20.71,overcast clouds,2021-12-02 04:43:36
161,Kuusamo,FI,65.9667,29.1833,19.44,86,75,3.44,light snow,2021-12-02 04:43:36
162,Marawi,PH,7.9986,124.2928,74.64,64,81,6.73,broken clouds,2021-12-02 04:43:36
163,Souillac,MU,-20.5167,57.5167,84.36,69,75,11.5,broken clouds,2021-12-02 04:43:37
164,Russell,US,32.3502,-85.1999,55.11,75,1,0.0,haze,2021-12-02 04:43:37
165,Porto Novo,BJ,6.4965,2.6036,82.22,89,97,4.03,overcast clouds,2021-12-02 04:43:37
166,Port Lincoln,AU,-34.7333,135.8667,63.82,57,21,18.57,few clouds,2021-12-02 04:43:37
167,Middelkerke,BE,51.1558,2.8418,42.03,79,40,25.32,scattered clouds,2021-12-02 04:43:38
168,Mehamn,NO,71.0357,27.8492,33.98,55,40,19.57,light snow,2021-12-02 04:43:39
169,San Patricio,US,28.017,-97.5169,69.82,85,98,5.26,overcast clouds,2021-12-02 04:43:39
170,Khash,IR,28.2211,61.2158,57.51,32,0,3.15,clear sky,2021-12-02 04:43:39
171,Fort Morgan,US,40.2503,-103.8,53.02,38,6,8.23,clear sky,2021-12-02 04:43:40
172,Tarakan,ID,3.3,117.6333,83.7,79,40,4.61,scattered clouds,2021-12-02 04:43:40
173,Palasa,IN,18.7667,84.4167,76.96,53,73,5.12,broken clouds,2021-12-02 04:43:40
174,Cullman,US,34.1748,-86.8436,56.39,62,40,4.61,scattered clouds,2021-12-02 04:43:41
175,Vestmannaeyjar,IS,63.4427,-20.2734,39.4,97,100,35.97,overcast clouds,2021-12-02 04:43:41
176,Mabay,PH,6.0577,124.4666,84.54,75,96,6.17,overcast clouds,2021-12-02 04:43:41
177,Elk Point,US,42.6833,-96.6836,59.09,40,86,12.26,overcast clouds,2021-12-02 04:42:23
178,Pevek,RU,69.7008,170.3133,-14.64,99,88,4.41,overcast clouds,2021-12-02 04:43:42
179,Den Helder,NL,52.9599,4.7593,41.07,79,75,20.0,broken clouds,2021-12-02 04:43:42
180,Arraial Do Cabo,BR,-22.9661,-42.0278,72.86,86,62,7.76,broken clouds,2021-12-02 04:43:43
181,Bengkulu,ID,-3.8004,102.2655,84.15,65,37,9.06,scattered clouds,2021-12-02 04:43:43
182,Kingaroy,AU,-26.5333,151.8333,82.44,57,62,5.75,broken clouds,2021-12-02 04:43:43
183,Andenes,NO,69.3143,16.1194,33.78,55,0,24.16,clear sky,2021-12-02 04:44:44
184,Eureka,US,40.8021,-124.1637,50.94,92,0,3.33,clear sky,2021-12-02 04:44:44
185,Faanui,PF,-16.4833,-151.75,80.02,75,100,14.61,moderate rain,2021-12-02 04:44:44
186,Saskylakh,RU,71.9167,114.0833,-36.35,100,97,1.03,overcast clouds,2021-12-02 04:44:45
187,Petropavl,KZ,54.8753,69.1628,33.78,64,0,17.9,clear sky,2021-12-02 04:44:45
188,Nelson Bay,AU,-32.7167,152.15,79.77,70,17,4.0,few clouds,2021-12-02 04:44:45
189,Castro,BR,-24.7911,-50.0119,61.88,87,68,9.73,broken clouds,2021-12-02 04:44:46
190,Severo-Kurilsk,RU,50.6789,156.125,37.99,87,90,30.42,light rain,2021-12-02 04:44:46
191,Qaqortoq,GL,60.7167,-46.0333,31.35,98,100,13.73,snow,2021-12-02 04:44:46
192,Flin Flon,CA,54.7682,-101.865,7.25,92,100,4.94,overcast clouds,2021-12-02 04:44:47
193,Chokurdakh,RU,70.6333,147.9167,-38.16,100,91,5.84,overcast clouds,2021-12-02 04:44:48
194,Biak,ID,-0.9131,122.8766,81.01,72,100,2.89,overcast clouds,2021-12-02 04:44:49
195,Anamur,TR,36.0751,32.8369,46.42,38,0,6.8,clear sky,2021-12-02 04:44:49
196,Yeppoon,AU,-23.1333,150.7333,87.58,67,18,11.68,few clouds,2021-12-02 04:44:50
197,Tazovskiy,RU,67.4667,78.7,-6.5,94,100,16.51,overcast clouds,2021-12-02 04:44:50
198,Aksu,CN,41.1231,80.2644,31.82,33,0,1.97,clear sky,2021-12-02 04:44:51
199,Khorramshahr,IR,30.4397,48.1664,69.76,88,40,9.22,scattered clouds,2021-12-02 04:44:51
200,Plattsburgh,US,44.6995,-73.4529,32.5,74,1,1.01,clear sky,2021-12-02 04:44:52
201,Kloulklubed,PW,7.0419,134.2556,82.9,79,100,20.13,overcast clouds,2021-12-02 04:44:52
202,Mount Gambier,AU,-37.8333,140.7667,64.31,63,90,12.66,overcast clouds,2021-12-02 04:44:53
203,Manger,NO,60.6414,5.0414,30.74,88,59,18.07,snow,2021-12-02 04:44:53
204,Port Hardy,CA,50.6996,-127.4199,44.6,87,75,5.75,broken clouds,2021-12-02 04:44:53
205,Ciudad Bolivar,VE,8.1222,-63.5497,75.02,94,98,6.85,overcast clouds,2021-12-02 04:44:54
206,Verkhoyansk,RU,67.5447,133.385,-45.15,100,90,2.26,overcast clouds,2021-12-02 04:44:54
207,Becerril,CO,9.7041,-73.2793,72.91,77,85,4.47,overcast clouds,2021-12-02 04:44:54
208,Liku,ID,-0.7275,119.8922,89.87,51,94,4.68,overcast clouds,2021-12-02 04:44:55
209,Sitka,US,57.0531,-135.33,35.49,69,90,11.5,light rain,2021-12-02 04:44:55
210,Arlit,NE,18.7369,7.3853,63.7,22,2,2.51,clear sky,2021-12-02 04:44:55
211,Kommunar,RU,59.6206,30.39,15.33,97,90,2.71,overcast clouds,2021-12-02 04:44:56
212,Payo,ID,-3.7508,103.6372,92.71,45,32,3.0,scattered clouds,2021-12-02 04:44:56
213,Gushikawa,JP,26.3544,127.8686,67.23,72,75,9.22,light rain,2021-12-02 04:44:56
214,Aksarka,RU,66.5606,67.7975,1.35,96,100,15.77,light snow,2021-12-02 04:44:57
215,Georgetown,MY,5.4112,100.3354,77.9,89,40,8.01,scattered clouds,2021-12-02 04:44:57
216,Moose Factory,CA,51.2585,-80.6094,19.4,79,90,10.36,light snow,2021-12-02 04:44:57
217,Pimenta Bueno,BR,-11.6725,-61.1936,72.54,98,100,3.38,overcast clouds,2021-12-02 04:42:33
218,Mount Isa,AU,-20.7333,139.5,101.97,14,0,6.91,clear sky,2021-12-02 04:44:57
219,Constitucion,CL,-35.3333,-72.4167,52.02,84,63,9.53,broken clouds,2021-12-02 04:44:58
220,Tezu,IN,27.9167,96.1667,79.21,33,84,3.67,broken clouds,2021-12-02 04:44:58
221,Lagoa,PT,39.05,-27.9833,63.09,81,0,8.66,clear sky,2021-12-02 04:44:59
222,Leh,IN,34.1667,77.5833,25.25,44,99,2.3,overcast clouds,2021-12-02 04:44:59
223,Upernavik,GL,72.7868,-56.1549,28.72,94,100,3.87,light snow,2021-12-02 04:45:01
224,Kalawit,PH,8.0667,122.5167,84.81,74,99,2.8,overcast clouds,2021-12-02 04:45:01
225,East Angus,CA,45.4834,-71.6658,16.72,85,1,4.61,clear sky,2021-12-02 04:45:02
226,Taltal,CL,-25.4,-70.4833,61.09,81,37,2.48,scattered clouds,2021-12-02 04:45:03
227,Kindu,CD,-2.95,25.95,70.9,97,100,1.12,overcast clouds,2021-12-02 04:45:03
228,Caceres,ES,39.522,-6.3748,44.8,80,100,8.81,overcast clouds,2021-12-02 04:45:04
229,Chardara,KZ,41.2547,67.9692,58.6,31,99,18.75,overcast clouds,2021-12-02 04:45:05
230,Nauchnyy Gorodok,RU,53.4203,83.521,18.46,78,0,7.0,clear sky,2021-12-02 04:46:05
231,Ribeira Grande,PT,38.5167,-28.7,64.33,78,2,5.55,clear sky,2021-12-02 04:46:05
232,Bambanglipuro,ID,-7.95,110.2833,85.28,69,82,9.46,broken clouds,2021-12-02 04:46:05
233,Cruzeiro Do Sul,BR,-29.5128,-51.9853,58.86,87,84,1.86,broken clouds,2021-12-02 04:45:58
234,Clemson,US,34.6834,-82.8374,56.52,81,1,3.44,clear sky,2021-12-02 04:41:27
235,Tvoroyri,FO,61.5556,-6.8111,34.99,56,87,16.82,overcast clouds,2021-12-02 04:46:06
236,Anloga,GH,5.7947,0.8973,80.82,82,79,9.26,broken clouds,2021-12-02 04:46:06
237,Calvinia,ZA,-31.4707,19.776,54.27,74,100,5.68,overcast clouds,2021-12-02 04:46:06
238,Igarka,RU,67.4667,86.5833,-17.7,94,99,6.91,overcast clouds,2021-12-02 04:46:07
239,Iseyin,NG,7.9667,3.6,71.69,99,75,3.42,broken clouds,2021-12-02 04:46:07
240,Ketchikan,US,55.3422,-131.6461,34.27,75,90,4.61,light snow,2021-12-02 04:46:07
241,Khandyga,RU,62.6667,135.6,-30.28,97,10,1.97,clear sky,2021-12-02 04:46:08
242,Ratlam,IN,23.3167,75.0667,61.09,54,100,14.38,overcast clouds,2021-12-02 04:46:08
243,Salym,RU,60.0625,71.4789,34.47,79,100,14.03,overcast clouds,2021-12-02 04:46:08
244,Verkhnyaya Inta,RU,65.9811,60.3094,11.66,90,100,11.14,overcast clouds,2021-12-02 04:46:09
245,Taoudenni,ML,22.6783,-3.9836,65.28,17,100,9.28,overcast clouds,2021-12-02 04:46:09
246,Kanniyakumari,IN,8.0833,77.5667,82.78,70,48,11.27,scattered clouds,2021-12-02 04:46:09
247,Chuy,UY,-33.6971,-53.4616,58.19,77,28,5.26,scattered clouds,2021-12-02 04:46:09
248,Bilibino,RU,68.0546,166.4372,-35.46,100,75,5.06,broken clouds,2021-12-02 04:46:10
249,Nizwa,OM,22.9333,57.5333,72.64,44,0,2.42,clear sky,2021-12-02 04:46:10
250,Lingao,CN,19.9103,109.6859,70.79,42,45,12.68,scattered clouds,2021-12-02 04:46:10
251,Shahr-E Kord,IR,32.3256,50.8644,47.97,34,20,16.11,few clouds,2021-12-02 04:46:11
252,Wenzhou,CN,27.9994,120.6668,57.16,28,0,1.77,clear sky,2021-12-02 04:46:11
253,Sept-Iles,CA,50.2001,-66.3821,18.12,93,40,8.05,scattered clouds,2021-12-02 04:42:28
254,Morgantown,US,39.6295,-79.9559,52.9,81,90,10.36,overcast clouds,2021-12-02 04:46:11
255,Gizo,SB,-8.103,156.8419,85.62,67,88,2.01,overcast clouds,2021-12-02 04:46:12
256,Ouallam,NE,14.3188,2.0866,71.62,16,91,10.56,overcast clouds,2021-12-02 04:46:12
257,Londoko,RU,49.0333,131.9833,12.22,69,100,1.57,overcast clouds,2021-12-02 04:46:12
258,Filadelfia,US,39.9523,-75.1638,46.29,82,90,1.99,light rain,2021-12-02 04:43:04
259,Surt,LY,31.2089,16.5887,55.51,66,3,12.06,clear sky,2021-12-02 04:46:13
260,Melnikovo,RU,56.5558,84.085,20.03,84,100,9.08,overcast clouds,2021-12-02 04:46:13
261,Mandalgovi,MN,45.7625,106.2708,29.5,23,6,12.15,clear sky,2021-12-02 04:46:13
262,Comodoro Rivadavia,AR,-45.8667,-67.5,55.26,41,0,34.52,clear sky,2021-12-02 04:46:13
263,Abu Samrah,SY,35.3029,37.1841,50.31,72,0,8.01,clear sky,2021-12-02 04:46:14
264,Saint Anthony,US,45.0205,-93.218,49.84,76,1,1.99,clear sky,2021-12-02 04:46:14
265,Ati,TD,13.2154,18.3353,70.74,25,9,11.36,clear sky,2021-12-02 04:46:15
266,San Cristobal,VE,7.7669,-72.225,66.38,91,58,1.68,broken clouds,2021-12-02 04:46:15
267,Podyuga,RU,61.095,40.8647,18.1,93,100,8.43,overcast clouds,2021-12-02 04:46:15
268,Aklavik,CA,68.2191,-135.0107,-19.37,98,100,9.73,light snow,2021-12-02 04:46:15
269,Isangel,VU,-19.55,169.2667,86.11,66,40,12.66,scattered clouds,2021-12-02 04:46:16
270,Amarante Do Maranhao,BR,-5.5667,-46.7422,74.64,90,96,2.75,overcast clouds,2021-12-02 04:46:16
271,Saint George,US,37.1041,-113.5841,56.53,30,1,0.0,clear sky,2021-12-02 04:46:16
272,Kahului,US,20.8947,-156.47,77.02,82,40,18.41,scattered clouds,2021-12-02 04:46:34
273,Sungaipenuh,ID,-2.0833,101.3833,81.34,46,43,6.4,scattered clouds,2021-12-02 04:47:17
274,Narsaq,GL,60.9167,-46.05,29.75,98,100,9.84,snow,2021-12-02 04:47:18
275,Teahupoo,PF,-17.8333,-149.2667,76.96,76,100,20.18,overcast clouds,2021-12-02 04:47:18
276,Los Llanos De Aridane,ES,28.6585,-17.9182,62.35,78,40,10.36,scattered clouds,2021-12-02 04:47:19
277,Henties Bay,NA,-22.116,14.2845,58.86,94,16,2.68,few clouds,2021-12-02 04:47:19
278,Gornopravdinsk,RU,60.05,69.9,34.9,84,100,12.8,light rain,2021-12-02 04:47:20
279,Veraval,IN,20.9,70.3667,74.77,67,26,13.8,scattered clouds,2021-12-02 04:47:20
280,Kruisfontein,ZA,-34.0033,24.7314,63.88,77,100,16.93,overcast clouds,2021-12-02 04:47:20
281,Sao Felix Do Xingu,BR,-6.6447,-51.995,71.87,99,100,1.63,light rain,2021-12-02 04:47:20
282,Hovd,MN,48.0056,91.6419,23.34,40,0,0.81,clear sky,2021-12-02 04:47:21
283,Kabanjahe,ID,3.1001,98.4908,70.56,68,98,3.94,overcast clouds,2021-12-02 04:47:21
284,Husavik,IS,66.0449,-17.3389,22.91,90,100,15.03,light snow,2021-12-02 04:47:21
285,Takoradi,GH,4.8845,-1.7554,78.91,85,54,6.29,broken clouds,2021-12-02 04:47:22
286,Bac Lieu,VN,9.285,105.7244,82.92,68,47,7.83,scattered clouds,2021-12-02 04:47:22
287,Bosaso,SO,11.2842,49.1816,77.38,49,0,3.91,clear sky,2021-12-02 04:44:05
288,Tuatapere,NZ,-46.1333,167.6833,64.81,57,100,5.91,overcast clouds,2021-12-02 04:47:23
289,Ponta Pora,BR,-22.5361,-55.7256,73.26,51,96,3.8,overcast clouds,2021-12-02 04:47:23
290,Port Hedland,AU,-20.3167,118.5667,107.65,19,10,17.27,clear sky,2021-12-02 04:47:23
291,Zhigansk,RU,66.7697,123.3711,-40.43,97,65,7.96,broken clouds,2021-12-02 04:47:23
292,Broome,US,42.2506,-75.833,39.61,84,90,1.99,snow,2021-12-02 04:47:24
293,Tura,IN,25.5198,90.2201,77.41,46,9,3.27,clear sky,2021-12-02 04:47:24
294,Gravenhurst,CA,44.9168,-79.3663,36.97,86,90,11.5,light rain,2021-12-02 04:47:00
295,Rocha,UY,-34.4833,-54.3333,52.5,89,42,2.77,scattered clouds,2021-12-02 04:47:25
296,Berlevag,NO,70.8578,29.0864,32.0,62,100,26.11,light snow,2021-12-02 04:47:25
297,Santa Ines,BR,-3.6667,-45.38,75.24,85,88,3.38,moderate rain,2021-12-02 04:47:25
298,Krasnoselkup,RU,65.7,82.4667,3.65,94,100,14.27,overcast clouds,2021-12-02 04:47:25
299,Santa Rosa,PH,14.3122,121.1114,88.11,56,73,15.08,broken clouds,2021-12-02 04:47:24
300,Margate,GB,51.3813,1.3862,37.69,70,32,8.99,scattered clouds,2021-12-02 04:47:26
301,Beloha,MG,-25.1667,45.05,84.88,54,0,9.04,clear sky,2021-12-02 04:47:26
302,Wajima,JP,37.4,136.9,45.28,81,75,4.61,broken clouds,2021-12-02 04:47:27
303,The Valley,AI,18.217,-63.0578,80.46,72,97,20.15,overcast clouds,2021-12-02 04:47:27
304,Belyy Yar,RU,53.6039,91.3903,17.49,93,49,0.0,mist,2021-12-02 04:47:28
305,Bahia Honda,CU,22.9036,-83.1592,70.79,79,26,4.85,scattered clouds,2021-12-02 04:47:28
306,Romny,UA,50.751,33.4747,28.54,71,64,12.03,broken clouds,2021-12-02 04:47:28
307,Truro,GB,50.2653,-5.0544,45.68,76,40,20.71,scattered clouds,2021-12-02 04:44:10
308,Zyryanka,RU,65.75,150.85,-37.23,100,90,5.99,overcast clouds,2021-12-02 04:47:29
309,Fairview,US,40.8126,-73.999,48.2,63,90,0.0,overcast clouds,2021-12-02 04:45:29
310,Wuxue,CN,29.8506,115.5525,57.02,26,14,7.38,few clouds,2021-12-02 04:47:29
311,Laranjeiras Do Sul,BR,-25.4078,-52.4161,58.17,71,20,3.44,moderate rain,2021-12-02 04:47:29
312,Trinidad,BO,-14.8333,-64.9,73.53,97,100,4.59,overcast clouds,2021-12-02 04:47:30
313,Punta Alta,AR,-38.8759,-62.0736,69.26,53,100,9.48,overcast clouds,2021-12-02 04:44:15
314,College,US,64.8569,-147.8028,-2.54,77,75,0.0,light snow,2021-12-02 04:43:02
315,Talcahuano,CL,-36.7167,-73.1167,55.08,82,0,11.5,clear sky,2021-12-02 04:47:30
316,Roma,US,43.2128,-75.4557,42.66,79,20,6.91,few clouds,2021-12-02 04:47:30
317,Mildura,AU,-34.2,142.15,98.56,22,40,12.66,scattered clouds,2021-12-02 04:47:34
318,Honningsvag,NO,70.9821,25.9704,33.55,75,40,26.46,scattered clouds,2021-12-02 04:48:34
319,Devils Lake,US,48.1128,-98.8651,37.38,74,40,8.01,scattered clouds,2021-12-02 04:45:55
320,Kutum,SD,14.2,24.6667,59.49,40,0,11.52,clear sky,2021-12-02 04:48:34
321,Halifax,CA,44.6453,-63.5724,37.45,94,26,2.3,scattered clouds,2021-12-02 04:46:37
322,Gigmoto,PH,13.7796,124.39,80.11,79,100,18.99,overcast clouds,2021-12-02 04:48:35
323,Sao Joao Da Barra,BR,-21.6403,-41.0511,71.44,95,4,7.78,clear sky,2021-12-02 04:44:02
324,Sinnamary,GF,5.3833,-52.95,77.56,89,100,11.3,overcast clouds,2021-12-02 04:48:36
325,Laguna,US,38.421,-121.4238,64.96,91,1,0.0,mist,2021-12-02 04:48:36
326,Westport,US,41.1415,-73.3579,47.75,77,90,1.01,overcast clouds,2021-12-02 04:48:36
327,Waw,SS,7.7029,27.9953,77.25,59,66,1.88,broken clouds,2021-12-02 04:48:36
328,Platanos,GR,37.6667,21.6167,53.08,75,82,5.48,broken clouds,2021-12-02 04:48:37
329,Bonavista,CA,48.6499,-53.1147,37.11,75,32,7.2,scattered clouds,2021-12-02 04:48:37
330,Saldanha,ZA,-33.0117,17.9442,57.25,77,0,20.22,clear sky,2021-12-02 04:48:37
331,Iqaluit,CA,63.7506,-68.5145,13.73,78,75,0.0,broken clouds,2021-12-02 04:48:37
332,Talnakh,RU,69.4865,88.3972,-21.98,97,23,5.08,few clouds,2021-12-02 04:48:38
333,Nsoko,SZ,-27.0333,31.95,76.26,70,56,6.64,broken clouds,2021-12-02 04:48:38
334,Stony Plain,CA,53.5334,-114.0021,33.53,76,90,1.01,overcast clouds,2021-12-02 04:48:38
335,Pangody,RU,65.85,74.4859,4.53,94,100,17.58,light snow,2021-12-02 04:48:39
336,Yurla,RU,59.3259,54.3223,21.92,93,81,6.35,broken clouds,2021-12-02 04:48:40
337,Yurga,RU,55.7231,84.8861,17.64,84,100,8.37,overcast clouds,2021-12-02 04:48:40
338,Batemans Bay,AU,-35.7167,150.1833,86.99,64,8,8.97,clear sky,2021-12-02 04:48:40
339,San Policarpo,PH,12.1791,125.5072,79.79,87,100,15.43,overcast clouds,2021-12-02 04:48:41
340,Dikson,RU,73.5069,80.5464,-9.11,95,100,14.85,overcast clouds,2021-12-02 04:48:41
341,Bemidji,US,47.4736,-94.8803,41.29,76,40,16.11,scattered clouds,2021-12-02 04:48:42
342,Conde,BR,-7.2597,-34.9075,78.26,83,40,4.61,scattered clouds,2021-12-02 04:48:42
343,Georgiyevka,KZ,43.0369,74.7114,50.04,37,0,17.9,clear sky,2021-12-02 04:48:42
344,Ambilobe,MG,-13.2,49.05,84.85,49,6,5.5,clear sky,2021-12-02 04:48:43
345,Alofi,NU,-19.0595,-169.9187,73.29,94,30,9.22,scattered clouds,2021-12-02 04:48:43
346,Balkhash,KZ,46.844,74.9804,27.21,59,0,13.42,clear sky,2021-12-02 04:48:43
347,Manaquiri,BR,-3.3167,-60.35,79.25,94,94,2.68,overcast clouds,2021-12-02 04:48:43
348,Cuiluan,CN,47.72,128.648,19.71,91,100,2.73,light snow,2021-12-02 04:48:44
349,La Palma,US,33.8464,-118.0467,76.35,94,1,0.0,mist,2021-12-02 04:48:44
350,Jinchang,CN,38.4953,102.1739,39.22,14,0,3.47,clear sky,2021-12-02 04:48:45
351,Strezhevoy,RU,60.7333,77.5889,33.78,81,100,15.26,overcast clouds,2021-12-02 04:48:45
352,Benjamin Constant,BR,-4.3831,-70.0311,75.33,99,100,1.9,overcast clouds,2021-12-02 04:48:45
353,Plouzane,FR,48.3833,-4.6167,44.78,78,40,6.91,scattered clouds,2021-12-02 04:48:45
354,Coruripe,BR,-10.1256,-36.1756,76.46,89,84,10.29,broken clouds,2021-12-02 04:48:46
355,Neryungri,RU,56.6709,124.6491,-1.17,90,100,14.5,overcast clouds,2021-12-02 04:48:46
356,Mayskiy,RU,47.6931,40.1025,35.44,92,50,7.67,scattered clouds,2021-12-02 04:48:47
357,Sorland,NO,67.667,12.6934,36.07,53,100,35.59,overcast clouds,2021-12-02 04:48:47
358,Alta Floresta,BR,-9.8756,-56.0861,70.27,99,100,4.41,overcast clouds,2021-12-02 04:48:47
359,Sisimiut,GL,66.9395,-53.6735,30.02,87,100,2.26,overcast clouds,2021-12-02 04:48:47
360,Arman,RU,59.7,150.1667,0.18,83,100,19.53,overcast clouds,2021-12-02 04:48:48
361,Richards Bay,ZA,-28.783,32.0377,77.32,75,61,17.11,broken clouds,2021-12-02 04:48:48
362,Khorramabad,IR,33.4878,48.3558,56.82,38,75,4.61,broken clouds,2021-12-02 04:48:48
363,Namatanai,PG,-3.6667,152.4333,84.52,68,99,6.82,overcast clouds,2021-12-02 04:48:48
364,Teixoso,PT,40.3145,-7.4576,43.2,86,100,7.38,overcast clouds,2021-12-02 04:48:49
365,Kita,ML,13.0349,-9.4895,71.08,21,37,2.04,scattered clouds,2021-12-02 04:48:49
366,Carutapera,BR,-1.195,-46.02,78.78,83,95,6.31,overcast clouds,2021-12-02 04:49:49
367,Souris,CA,49.6172,-100.2612,37.74,81,100,16.71,overcast clouds,2021-12-02 04:49:50
368,Aketi,CD,2.7388,23.7833,70.99,96,95,0.25,overcast clouds,2021-12-02 04:49:50
369,Camacha,PT,33.0833,-16.3333,61.56,72,40,6.91,scattered clouds,2021-12-02 04:49:51
370,Obuasi,GH,6.206,-1.6619,71.8,99,67,1.23,broken clouds,2021-12-02 04:49:51
371,Redwater,US,33.3582,-94.2544,57.49,89,4,3.56,clear sky,2021-12-02 04:45:27
372,Pacific Grove,US,36.6177,-121.9166,61.56,53,1,3.0,clear sky,2021-12-02 04:49:16
373,Kenora,CA,49.8167,-94.4337,35.58,93,90,11.5,mist,2021-12-02 04:49:51
374,Tiarei,PF,-17.5333,-149.3333,82.42,75,100,18.45,overcast clouds,2021-12-02 04:49:52
375,Fatehabad,IN,29.5167,75.45,70.9,25,100,3.69,overcast clouds,2021-12-02 04:49:52
376,Kamenka,RU,51.3223,42.7678,31.75,69,100,15.7,overcast clouds,2021-12-02 04:49:52
377,Emba,KZ,48.8264,58.1442,34.02,93,100,11.83,overcast clouds,2021-12-02 04:49:53
378,Sarangani,PH,5.4033,125.4636,83.1,78,99,13.87,overcast clouds,2021-12-02 04:49:53
379,Cam Ranh,VN,11.9214,109.1591,84.16,54,20,20.71,few clouds,2021-12-02 04:49:53
380,Puerto Leguizamo,CO,-0.1934,-74.7819,73.35,88,98,1.79,overcast clouds,2021-12-02 04:49:53
381,Namibe,AO,-15.1961,12.1522,69.96,81,99,1.86,overcast clouds,2021-12-02 04:49:54
382,Jieshi,CN,22.8134,115.8257,65.95,30,4,3.53,clear sky,2021-12-02 04:49:54
383,Ilulissat,GL,69.2167,-51.1,22.41,65,88,10.54,overcast clouds,2021-12-02 04:49:55
384,Alegrete,BR,-29.7831,-55.7919,61.84,83,5,10.78,clear sky,2021-12-02 04:49:55
385,Chulman,RU,56.8479,124.9104,-0.69,91,100,13.78,overcast clouds,2021-12-02 04:49:55
386,San Juan,AR,-31.5375,-68.5364,80.58,33,56,5.75,broken clouds,2021-12-02 04:49:55
387,Lloydminster,CA,53.2835,-110.0016,26.28,86,20,9.22,few clouds,2021-12-02 04:49:56
388,Saurimo,AO,-9.6608,20.3916,64.67,96,100,2.68,overcast clouds,2021-12-02 04:49:56
389,Evensk,RU,61.95,159.2333,6.48,89,100,36.42,snow,2021-12-02 04:49:57
390,Puerto Madryn,AR,-42.7692,-65.0385,64.17,27,60,24.99,broken clouds,2021-12-02 04:49:58
391,Alamosa,US,37.4695,-105.87,35.11,45,1,8.05,clear sky,2021-12-02 04:49:58
392,Ipixuna,BR,-1.7625,-48.8043,78.75,94,66,3.27,broken clouds,2021-12-02 04:49:58
393,Suclayin,PH,15.7568,121.5503,80.31,63,79,7.16,broken clouds,2021-12-02 04:49:58
394,Buin,CL,-33.7333,-70.75,66.74,69,0,1.9,clear sky,2021-12-02 04:49:59
395,Koygorodok,RU,60.445,50.9968,16.0,96,78,6.6,broken clouds,2021-12-02 04:49:59
396,Ossora,RU,59.2353,163.0719,33.94,99,100,11.34,moderate rain,2021-12-02 04:49:59
397,Ostrovnoy,RU,68.0531,39.5131,27.73,64,100,32.79,overcast clouds,2021-12-02 04:50:00
398,Bethel,US,41.3712,-73.414,42.58,77,90,0.0,overcast clouds,2021-12-02 04:48:10
399,Moscow,RU,55.7522,37.6156,22.55,92,90,7.56,overcast clouds,2021-12-02 04:48:47
400,Asfi,MA,32.2994,-9.2372,56.48,71,6,4.59,clear sky,2021-12-02 04:50:00
401,Capitao Poco,BR,-1.7464,-47.0594,73.45,94,84,3.74,broken clouds,2021-12-02 04:48:22
402,Kulhudhuffushi,MV,6.6221,73.07,82.0,76,10,8.7,clear sky,2021-12-02 04:50:00
403,Naze,JP,28.3667,129.4833,59.92,66,92,12.75,overcast clouds,2021-12-02 04:50:01
404,Bay Roberts,CA,47.5999,-53.2648,40.33,91,56,1.99,broken clouds,2021-12-02 04:50:01
405,La Ronge,CA,55.1001,-105.2842,10.65,85,20,4.61,few clouds,2021-12-02 04:50:01
406,Ishigaki,JP,24.3448,124.1572,69.93,52,40,16.11,scattered clouds,2021-12-02 04:50:01
407,Epe,NG,6.5841,3.9834,76.08,94,85,3.13,overcast clouds,2021-12-02 04:50:02
408,Camana,PE,-16.6228,-72.7111,67.01,80,99,8.1,overcast clouds,2021-12-02 04:49:50
409,Dudinka,RU,69.4058,86.1778,-24.79,98,49,4.29,scattered clouds,2021-12-02 04:50:02
410,Veliki Preslav,BG,43.1667,26.8167,42.17,79,1,3.44,clear sky,2021-12-02 04:50:02
411,Sola,VU,-13.8833,167.55,82.22,71,6,4.81,clear sky,2021-12-02 04:50:03
412,Grindavik,IS,63.8424,-22.4338,39.67,100,90,29.93,mist,2021-12-02 04:50:03
413,Changanacheri,IN,9.4667,76.55,86.92,63,35,1.74,scattered clouds,2021-12-02 04:50:03
414,Tokur,RU,53.1333,132.9,-4.79,83,24,2.01,few clouds,2021-12-02 04:51:05
415,Tual,ID,-5.6667,132.75,77.23,87,100,1.72,light rain,2021-12-02 04:51:05
416,Gambo,CF,4.6482,22.2633,71.28,93,86,1.48,light rain,2021-12-02 04:51:06
417,Merauke,ID,-8.4667,140.3333,80.64,86,100,8.66,overcast clouds,2021-12-02 04:51:06
418,Dharchula,IN,29.85,80.5333,66.49,44,100,0.51,overcast clouds,2021-12-02 04:51:06
419,Meulaboh,ID,4.1363,96.1285,83.17,71,44,6.89,light rain,2021-12-02 04:51:07
420,San Vicente,AR,-26.6167,-54.1333,60.78,69,69,2.86,broken clouds,2021-12-02 04:51:07
421,Copiapo,CL,-27.3667,-70.3333,53.29,57,57,1.3,broken clouds,2021-12-02 04:51:07
422,Sambava,MG,-14.2667,50.1667,78.93,74,18,9.89,light rain,2021-12-02 04:51:07
423,Petropavlovsk-Kamchatskiy,RU,53.0452,158.6483,39.79,100,75,11.18,broken clouds,2021-12-02 04:51:08
424,Zavetnoye,RU,47.1194,43.8903,36.12,81,100,12.35,overcast clouds,2021-12-02 04:51:08
425,Haicheng,CN,40.8516,122.7475,41.99,42,22,14.45,few clouds,2021-12-02 04:51:08
426,Muros,ES,42.7762,-9.0603,54.84,94,79,15.99,broken clouds,2021-12-02 04:51:08
427,Turukhansk,RU,65.8167,87.9833,-2.85,89,93,12.21,overcast clouds,2021-12-02 04:51:09
428,Oxelosund,SE,58.6706,17.1015,28.78,100,75,12.66,light snow,2021-12-02 04:51:09
429,Yenagoa,NG,4.9247,6.2642,76.14,93,90,3.09,overcast clouds,2021-12-02 04:51:09
430,Marsh Harbour,BS,26.5412,-77.0636,74.57,77,39,15.35,scattered clouds,2021-12-02 04:51:09
431,Miles City,US,46.4083,-105.8406,62.51,39,1,14.97,clear sky,2021-12-02 04:51:10
432,Egvekinot,RU,66.3167,-179.1667,-0.06,96,100,4.92,light snow,2021-12-02 04:51:10
433,Charters Towers,AU,-20.1,146.2667,96.48,24,2,9.75,clear sky,2021-12-02 04:51:10
434,Puerto Escondido,MX,15.85,-97.0667,77.81,74,6,4.56,clear sky,2021-12-02 04:51:10
435,Deputatskiy,RU,69.3,139.9,-37.19,100,61,1.7,broken clouds,2021-12-02 04:51:11
436,Sao Filipe,CV,14.8961,-24.4956,74.34,68,100,10.45,overcast clouds,2021-12-02 04:51:11
437,Faya,SA,18.3851,42.4509,48.31,40,1,2.62,clear sky,2021-12-02 04:51:11
438,Balykshi,KZ,47.0667,51.8667,30.2,93,90,11.18,mist,2021-12-02 04:51:11
439,Mahajanga,MG,-15.7167,46.3167,82.42,61,20,11.5,few clouds,2021-12-02 04:51:12
440,Pochutla,MX,15.7432,-96.4661,75.81,72,37,3.51,scattered clouds,2021-12-02 04:51:12
441,Pushkino,RU,56.0172,37.8667,22.41,93,94,7.23,overcast clouds,2021-12-02 04:51:12
442,Adrar,MR,20.5022,-10.0711,66.83,15,100,10.47,overcast clouds,2021-12-02 04:51:13
443,Biloxi,US,30.396,-88.8853,55.72,94,1,0.0,mist,2021-12-02 04:50:20
444,Lamu,KE,-2.2717,40.902,82.62,76,42,8.01,light rain,2021-12-02 04:51:13
445,Kiama,AU,-34.6833,150.8667,89.01,71,22,8.99,few clouds,2021-12-02 04:51:13
446,Brigantine,US,39.4101,-74.3646,51.03,87,90,4.61,overcast clouds,2021-12-02 04:51:13
447,Baghdad,IQ,33.3406,44.4009,53.51,71,0,5.75,clear sky,2021-12-02 04:48:48
448,Tucumcari,US,35.1717,-103.725,42.64,33,1,0.0,clear sky,2021-12-02 04:51:14
449,Hirtshals,DK,57.5881,9.9592,28.22,61,100,23.85,overcast clouds,2021-12-02 04:51:14
450,Bardiyah,LY,31.7561,25.0865,57.81,62,62,10.54,broken clouds,2021-12-02 04:51:14
451,Pandan,PH,14.0453,124.1694,78.64,80,96,20.38,light rain,2021-12-02 04:51:15
452,Tadine,NC,-21.55,167.8833,79.77,74,100,14.36,overcast clouds,2021-12-02 04:51:15
453,Durban,ZA,-29.8579,31.0292,72.91,95,79,1.01,broken clouds,2021-12-02 04:47:21
454,Clyde River,CA,70.4692,-68.5914,8.83,85,100,19.57,light snow,2021-12-02 04:51:15
455,Cartagena,CO,10.3997,-75.5144,78.42,89,20,10.36,few clouds,2021-12-02 04:51:15
456,Svetlyy,RU,54.675,20.1347,39.25,79,100,27.98,overcast clouds,2021-12-02 04:51:16
457,Amot,NO,59.5714,7.9877,14.25,73,36,6.91,scattered clouds,2021-12-02 04:51:16
458,Santana Do Livramento,BR,-30.8908,-55.5328,56.26,94,0,6.24,clear sky,2021-12-02 04:52:16
459,San Rafael,AR,-34.6177,-68.3301,65.12,74,13,9.37,few clouds,2021-12-02 04:52:17
460,Xining,CN,36.6167,101.7667,30.51,28,94,2.33,overcast clouds,2021-12-02 04:52:17
461,Hamilton,US,39.1834,-84.5333,53.73,89,96,3.0,overcast clouds,2021-12-02 04:52:17
462,Homer,US,59.6425,-151.5483,21.09,81,90,11.5,snow,2021-12-02 04:52:17
463,Pearl,US,32.2746,-90.132,57.34,88,1,0.0,clear sky,2021-12-02 04:52:18
464,Kawai,JP,34.2333,135.85,47.84,51,5,3.36,clear sky,2021-12-02 04:52:18
465,Isabela,PH,6.7085,121.9711,84.25,86,100,6.6,overcast clouds,2021-12-02 04:52:18
466,La Serena,CL,-29.9078,-71.2542,56.71,88,0,2.3,clear sky,2021-12-02 04:52:18
467,Torit,SS,4.4133,32.5678,79.72,44,53,1.41,broken clouds,2021-12-02 04:52:19
468,Middle Island,US,40.8843,-72.9373,46.85,71,90,0.0,overcast clouds,2021-12-02 04:52:19
469,Okhotsk,RU,59.3833,143.3,5.22,87,100,27.29,light snow,2021-12-02 04:52:19
470,Yatou,CN,37.15,122.3833,45.73,38,0,18.59,clear sky,2021-12-02 04:52:19
471,Sechura,PE,-5.5569,-80.8222,65.64,82,99,7.61,overcast clouds,2021-12-02 04:52:20
472,Kampot,KH,10.6167,104.1833,82.45,64,40,14.61,scattered clouds,2021-12-02 04:50:10
473,Da Nang,VN,16.0678,108.2208,75.18,73,75,6.91,broken clouds,2021-12-02 04:49:54
474,Aksay,RU,47.26,39.87,36.25,62,13,15.01,few clouds,2021-12-02 04:52:20
475,Florianopolis,BR,-27.6146,-48.5012,69.37,82,75,1.99,broken clouds,2021-12-02 04:52:20
476,Altus,US,34.6381,-99.334,54.52,54,1,0.0,clear sky,2021-12-02 04:52:21
477,Walvis Bay,NA,-22.9575,14.5053,59.09,88,3,11.5,clear sky,2021-12-02 04:52:21
478,Christchurch,NZ,-43.5333,172.6333,64.02,71,75,8.01,broken clouds,2021-12-02 04:49:16
479,Mazatlan,MX,23.2167,-106.4167,78.03,86,37,1.01,scattered clouds,2021-12-02 04:49:05
480,Bhag,PK,29.0415,67.8239,74.5,20,0,3.83,clear sky,2021-12-02 04:52:21
481,Fayaoue,NC,-20.65,166.5333,81.3,75,100,17.11,overcast clouds,2021-12-02 04:52:21
482,Kalakamati,BW,-20.5929,27.3121,76.51,34,7,12.86,clear sky,2021-12-02 04:52:22
483,Umba,RU,66.6871,34.3429,24.03,78,100,17.34,overcast clouds,2021-12-02 04:52:22
484,Male,MV,4.1748,73.5089,84.15,79,75,3.44,broken clouds,2021-12-02 04:51:24
485,Barcelos,PT,41.5388,-8.6151,47.28,81,92,12.01,overcast clouds,2021-12-02 04:52:22
486,Novoseleznevo,RU,55.6821,69.2056,34.43,79,100,15.75,overcast clouds,2021-12-02 04:52:23
487,Puerto Ayacucho,VE,5.6639,-67.6236,76.3,89,100,5.03,light rain,2021-12-02 04:52:23
488,Slave Lake,CA,55.2834,-114.769,24.78,86,1,2.3,clear sky,2021-12-02 04:52:23
489,Mungaa,TZ,-4.9667,34.8833,64.92,74,19,10.94,few clouds,2021-12-02 04:52:24
490,Tigil,RU,57.8,158.6667,29.64,88,100,16.8,light snow,2021-12-02 04:52:24
491,Acarau,BR,-2.8856,-40.12,79.25,81,95,10.6,overcast clouds,2021-12-02 04:52:24
492,Dalvik,IS,65.9702,-18.5286,22.93,87,100,14.45,light snow,2021-12-02 04:52:25
493,Banda Aceh,ID,5.5577,95.3222,84.83,66,72,3.89,broken clouds,2021-12-02 04:52:25
494,Lazaro Cardenas,MX,17.9583,-102.2,76.53,86,0,3.96,clear sky,2021-12-02 04:52:25
495,Shache,CN,38.4167,77.2406,35.73,26,0,2.39,clear sky,2021-12-02 04:52:25
496,Henderson,US,36.0397,-114.9819,66.29,22,1,5.75,clear sky,2021-12-02 04:51:49
497,Paamiut,GL,61.994,-49.6678,28.63,92,100,14.83,snow,2021-12-02 04:52:26
498,Thinadhoo,MV,0.5333,72.9333,82.22,75,58,6.08,broken clouds,2021-12-02 04:52:26
499,Belaya Gora,RU,68.5333,146.4167,-43.8,100,77,1.88,broken clouds,2021-12-02 04:52:26
500,Beatrice,US,40.2681,-96.747,56.75,50,1,8.05,clear sky,2021-12-02 04:52:28
501,Rognan,NO,67.0953,15.3878,20.88,90,100,2.15,overcast clouds,2021-12-02 04:52:28
502,Jega,NG,12.2175,4.3792,71.91,20,100,9.8,overcast clouds,2021-12-02 04:52:28
503,Batagay,RU,67.6333,134.6333,-46.05,100,89,0.92,overcast clouds,2021-12-02 04:52:29
504,Quelimane,MZ,-17.8786,36.8883,80.55,88,40,10.0,scattered clouds,2021-12-02 04:52:29
505,Dandong,CN,40.1292,124.3947,44.26,51,2,14.56,clear sky,2021-12-02 04:52:29
506,Cloquet,US,46.7216,-92.4594,43.99,78,100,5.99,overcast clouds,2021-12-02 04:52:30
507,Pitea,SE,65.3172,21.4794,12.29,95,94,5.17,light snow,2021-12-02 04:53:30
508,Calatayud,ES,41.3535,-1.6432,54.18,89,88,10.74,overcast clouds,2021-12-02 04:53:30
509,Lengshuitan,CN,26.4111,111.5956,59.11,30,3,5.01,clear sky,2021-12-02 04:53:30
510,Hit,IQ,33.6416,42.8251,61.9,45,55,10.11,broken clouds,2021-12-02 04:53:31
511,Leningradskiy,RU,69.3833,178.4167,-13.0,86,100,2.3,overcast clouds,2021-12-02 04:53:31
512,Noumea,NC,-22.2763,166.4572,84.99,99,84,13.49,broken clouds,2021-12-02 04:49:16
513,Jumla,NP,29.2747,82.1838,47.12,97,100,3.53,overcast clouds,2021-12-02 04:53:31
514,Ola,RU,59.5833,151.2833,4.44,84,100,23.62,overcast clouds,2021-12-02 04:53:32
515,Qinggang,CN,46.6833,126.0833,26.28,89,100,12.24,light snow,2021-12-02 04:53:32
516,Svetlaya,RU,46.5389,138.3297,21.87,62,44,9.78,scattered clouds,2021-12-02 04:53:32
517,Moron,AR,-34.6534,-58.6198,66.02,76,0,4.0,clear sky,2021-12-02 04:53:32
518,Boende,CD,-0.2167,20.8667,68.67,98,96,2.08,overcast clouds,2021-12-02 04:53:33
519,Kapiri Mposhi,ZM,-13.9652,28.6809,73.35,48,16,9.37,few clouds,2021-12-02 04:53:33
520,Pisco,PE,-13.7,-76.2167,64.45,82,0,6.91,clear sky,2021-12-02 04:53:33
521,Vostok,RU,46.4856,135.8833,10.13,81,15,6.53,few clouds,2021-12-02 04:53:34
522,Semey,KZ,50.4111,80.2275,23.22,68,0,13.42,clear sky,2021-12-02 04:53:34
523,Qarqin,AF,37.4185,66.0436,67.64,18,52,25.28,broken clouds,2021-12-02 04:53:35
524,Hammerfest,NO,70.6634,23.6821,30.65,80,75,16.11,broken clouds,2021-12-02 04:53:36
525,Green River,US,41.5286,-109.4662,45.0,68,9,4.9,clear sky,2021-12-02 04:53:36
526,Ilo,PE,-17.6394,-71.3375,65.12,80,89,6.87,overcast clouds,2021-12-02 04:53:36
527,Myitkyina,MM,25.3833,97.4,80.17,39,54,0.83,broken clouds,2021-12-02 04:53:37
528,Lutz,US,28.1511,-82.4615,61.88,77,40,0.0,scattered clouds,2021-12-02 04:53:37
529,Kirensk,RU,57.7853,108.1119,2.57,90,99,5.82,overcast clouds,2021-12-02 04:53:37
530,Lompoc,US,34.6391,-120.4579,67.78,97,90,0.0,fog,2021-12-02 04:53:37
531,Kondinskoye,RU,59.6481,67.41,34.02,89,100,14.85,overcast clouds,2021-12-02 04:53:38
532,Kropotkin,RU,45.4375,40.5756,37.18,85,55,7.31,broken clouds,2021-12-02 04:53:38
533,Raudeberg,NO,61.9875,5.1352,34.86,85,87,4.0,overcast clouds,2021-12-02 04:53:38
534,Pishva,IR,35.308,51.7267,54.61,45,96,1.83,overcast clouds,2021-12-02 04:53:39
535,Naranjal,EC,-2.6667,-79.6167,75.0,89,99,3.69,overcast clouds,2021-12-02 04:53:39
536,Redmond,US,47.674,-122.1215,57.16,85,100,1.01,overcast clouds,2021-12-02 04:52:53
537,Vizinga,RU,61.0749,50.1031,14.04,96,85,6.4,overcast clouds,2021-12-02 04:53:39
538,Lixourion,GR,38.2019,20.4314,55.09,66,60,5.55,broken clouds,2021-12-02 04:53:40
539,Freeport,US,40.6576,-73.5832,48.96,66,90,5.01,overcast clouds,2021-12-02 04:52:42
540,Jijiga,ET,9.35,42.8,63.07,15,61,2.55,broken clouds,2021-12-02 04:53:41
541,Zaysan,KZ,47.4667,84.8667,19.22,75,29,2.57,scattered clouds,2021-12-02 04:53:41
542,Shimoda,JP,34.6667,138.95,57.56,61,29,10.96,scattered clouds,2021-12-02 04:53:41
543,Pangnirtung,CA,66.1451,-65.7125,-1.48,97,97,6.4,overcast clouds,2021-12-02 04:53:41
544,Yaan,NG,7.3833,8.5667,72.84,74,97,5.32,overcast clouds,2021-12-02 04:53:42
545,Phu Ly,VN,20.5411,105.9139,72.75,26,47,7.09,scattered clouds,2021-12-02 04:53:42
546,Bontang,ID,0.1333,117.5,85.21,68,98,4.34,overcast clouds,2021-12-02 04:53:43
547,Raga,SS,8.4596,25.678,73.56,43,17,3.38,few clouds,2021-12-02 04:53:43
548,Iskateley,RU,67.6803,53.1512,9.73,93,100,15.32,overcast clouds,2021-12-02 04:53:44
549,Northam,GB,51.0333,-4.2167,44.62,79,50,19.1,scattered clouds,2021-12-02 04:53:44
550,Maniitsoq,GL,65.4167,-52.9,31.86,99,100,13.15,snow,2021-12-02 04:53:44
551,Vila Franca Do Campo,PT,37.7167,-25.4333,62.2,85,34,5.99,scattered clouds,2021-12-02 04:53:44
552,Zlitan,LY,32.4674,14.5687,53.89,54,11,15.41,few clouds,2021-12-02 04:54:45
553,Graaff-Reinet,ZA,-32.2522,24.5308,64.92,72,82,5.21,broken clouds,2021-12-02 04:54:45
554,Sioux Lookout,CA,50.1001,-91.917,32.38,93,90,6.91,light snow,2021-12-02 04:54:45
555,Portland,US,45.5234,-122.6762,56.46,93,63,1.03,broken clouds,2021-12-02 04:54:45
556,Tiznit,MA,29.5833,-9.5,51.46,59,0,2.68,clear sky,2021-12-02 04:54:46
557,San Quintin,MX,30.4833,-115.95,60.62,83,0,4.38,clear sky,2021-12-02 04:54:46
558,White Rock,CA,49.0164,-122.8026,53.94,96,100,2.3,light rain,2021-12-02 04:51:34
559,Salinas,US,36.6777,-121.6555,61.97,46,0,2.37,clear sky,2021-12-02 04:54:39
560,Boma,GH,7.0805,-2.1697,70.27,98,67,1.66,broken clouds,2021-12-02 04:54:46
561,Khandbari,NP,27.3747,87.2039,71.04,50,56,3.56,broken clouds,2021-12-02 04:54:47
562,Seoul,KR,37.5683,126.9778,40.51,52,75,9.22,broken clouds,2021-12-02 04:51:01
563,Cassilandia,BR,-19.1133,-51.7342,71.69,88,12,1.54,few clouds,2021-12-02 04:54:47
564,Goure,NE,13.9835,10.2704,70.02,29,11,9.69,few clouds,2021-12-02 04:54:47
565,Ewa Beach,US,21.3156,-158.0072,77.99,75,75,11.99,broken clouds,2021-12-02 04:54:47
566,Grand Gaube,MU,-20.0064,57.6608,83.37,66,1,10.0,clear sky,2021-12-02 04:54:48
567,Tetela De Ocampo,MX,19.8167,-97.8,54.1,79,87,1.28,overcast clouds,2021-12-02 04:54:48
568,Kijabe,KE,-0.933,36.5758,61.41,84,43,5.01,scattered clouds,2021-12-02 04:54:48
569,Kodinsk,RU,58.6881,99.1844,18.09,93,100,2.62,overcast clouds,2021-12-02 04:50:42
570,Pinawa,CA,50.1489,-95.8811,25.57,92,97,9.31,overcast clouds,2021-12-02 04:54:48
571,Verkhniye Tatyshly,RU,56.2912,55.8575,26.6,93,100,10.42,light snow,2021-12-02 04:54:49
572,Bathsheba,BB,13.2167,-59.5167,81.21,78,40,20.71,scattered clouds,2021-12-02 04:54:49
573,Tibati,CM,6.4667,12.6333,66.83,37,45,1.32,scattered clouds,2021-12-02 04:54:49
574,Ambatofinandrahana,MG,-20.55,46.8,67.39,68,47,8.72,scattered clouds,2021-12-02 04:54:49
575,Arica,CL,-18.475,-70.3042,66.43,72,90,9.22,overcast clouds,2021-12-02 04:54:50
576,Torbay,CA,47.6666,-52.7314,39.58,92,90,2.3,overcast clouds,2021-12-02 04:54:50
577,Shingu,JP,33.7333,135.9833,54.59,48,0,5.86,clear sky,2021-12-02 04:54:51
578,Ingham,US,42.6,-84.3833,44.37,93,90,5.75,mist,2021-12-02 04:54:51
579,Sorata,BO,-15.7667,-68.6333,48.27,89,98,2.64,overcast clouds,2021-12-02 04:54:52
580,Ixtapa,MX,20.7,-105.2,75.22,89,21,3.02,few clouds,2021-12-02 04:54:52
581,Alihe,CN,50.5667,123.7167,15.71,57,100,8.84,overcast clouds,2021-12-02 04:54:52
582,Kaeo,NZ,-35.1,173.7833,69.33,86,100,10.11,overcast clouds,2021-12-02 04:54:53
583,Mujiayingzi,CN,42.1167,118.7833,33.08,43,62,17.02,broken clouds,2021-12-02 04:54:53
584,Pundaguitan,PH,6.3711,126.1689,83.28,73,100,2.08,overcast clouds,2021-12-02 04:54:53
585,Cueto,CU,20.6439,-75.9356,71.53,90,2,3.96,clear sky,2021-12-02 04:54:53
586,Ponta Delgada,PT,37.7333,-25.6667,62.51,77,20,4.61,few clouds,2021-12-02 04:54:54
587,Erzin,TR,36.9559,36.2,45.12,49,0,3.74,clear sky,2021-12-02 04:54:54
588,Buy,RU,58.4786,41.53,22.71,90,96,10.51,light snow,2021-12-02 04:54:54
589,Yuzhnyy,RU,53.2542,83.6936,17.98,79,0,6.71,clear sky,2021-12-02 04:54:55
590,Jacareacanga,BR,-6.2222,-57.7528,72.41,99,95,1.23,overcast clouds,2021-12-02 04:54:55
591,Siteki,SZ,-26.45,31.95,70.72,83,46,11.5,scattered clouds,2021-12-02 04:54:55
592,Hirara,JP,24.8,125.2833,71.46,56,75,14.97,broken clouds,2021-12-02 04:54:55
593,Naustdal,NO,61.509,5.7168,35.85,96,48,0.29,light snow,2021-12-02 04:54:56
594,Sawakin,SD,19.1059,37.3321,80.38,68,37,10.07,scattered clouds,2021-12-02 04:54:56
595,Kavaratti,IN,10.5669,72.642,82.49,77,43,11.59,scattered clouds,2021-12-02 04:54:56
596,Davlekanovo,RU,54.2215,55.0343,32.02,86,70,10.63,broken clouds,2021-12-02 04:54:56
597,Abalak,RU,58.1286,68.5944,34.29,82,100,13.11,overcast clouds,2021-12-02 04:54:57
598,Jining,CN,35.405,116.5814,49.51,31,0,8.16,clear sky,2021-12-02 04:55:57
599,Mercedes,AR,-34.6515,-59.4307,63.84,93,0,7.63,clear sky,2021-12-02 04:55:58
600,Big Rapids,US,43.6981,-85.4837,46.02,93,90,9.22,overcast clouds,2021-12-02 04:55:58
601,Ures,MX,29.4333,-110.4,68.7,50,1,1.41,clear sky,2021-12-02 04:55:58
602,Amapa,BR,1.0,-52.0,72.12,99,100,1.68,light rain,2021-12-02 04:55:58
603,Berdigestyakh,RU,62.0989,126.6992,-18.18,98,90,4.32,overcast clouds,2021-12-02 04:55:59
604,Mosquera,CO,4.7059,-74.2302,50.09,93,40,3.44,scattered clouds,2021-12-02 04:55:59
605,Umm Lajj,SA,25.0213,37.2685,73.65,62,16,10.63,few clouds,2021-12-02 04:55:59
606,Betsiamites,CA,48.9413,-68.646,24.69,67,63,8.81,broken clouds,2021-12-02 04:55:59
607,Mizan Teferi,ET,6.9833,35.5833,68.61,62,51,2.55,broken clouds,2021-12-02 04:56:00
608,Najran,SA,17.4924,44.1277,48.85,24,0,3.0,clear sky,2021-12-02 04:56:00
609,Fairbanks,US,64.8378,-147.7164,-3.69,75,90,0.0,light snow,2021-12-02 04:55:33
610,Praya,CV,14.9215,-23.5087,73.94,73,75,17.27,haze,2021-12-02 04:56:00
611,Kastamonu,TR,41.5,33.6667,26.71,96,74,1.14,broken clouds,2021-12-02 04:53:45
612,Pasni,PK,25.2631,63.471,76.37,49,0,9.13,clear sky,2021-12-02 04:56:01
613,Kawalu,ID,-7.3817,108.2082,87.75,55,65,4.52,broken clouds,2021-12-02 04:56:01
614,Anadyr,RU,64.75,177.4833,1.9,78,40,4.47,light snow,2021-12-02 04:56:01
615,Hede,CN,33.7681,120.2517,50.38,22,0,13.91,clear sky,2021-12-02 04:56:01
616,Labelle,US,26.7617,-81.4384,65.98,70,87,2.44,overcast clouds,2021-12-02 04:56:02
617,Kozhva,RU,65.1073,57.0459,15.66,96,100,3.18,snow,2021-12-02 04:56:02
618,Bowen,AU,-20.0167,148.2333,91.62,67,1,14.36,clear sky,2021-12-02 04:56:02
619,Plettenberg Bay,ZA,-34.0527,23.3716,61.34,87,97,9.08,light rain,2021-12-02 04:56:02
620,Soyo,AO,-6.1349,12.3689,77.81,87,99,4.63,light rain,2021-12-02 04:56:03
621,Garowe,SO,8.4054,48.4845,70.66,58,27,10.83,scattered clouds,2021-12-02 04:56:03
622,Gazojak,TM,41.1875,61.4036,59.58,31,100,4.81,overcast clouds,2021-12-02 04:56:03
623,Mayo,US,38.8876,-76.5119,50.41,87,100,1.99,overcast clouds,2021-12-02 04:56:03
624,Karasburg,NA,-28.0167,18.75,56.52,43,48,9.24,scattered clouds,2021-12-02 04:56:04
625,Ponnani,IN,10.767,75.9252,83.52,69,14,7.9,few clouds,2021-12-02 04:56:04
626,Manaure,CO,11.7751,-72.4445,78.93,87,30,10.63,scattered clouds,2021-12-02 04:56:04
627,Newberry,US,34.2746,-81.6187,53.98,79,100,6.96,overcast clouds,2021-12-02 04:56:05
628,Muroto,JP,33.2833,134.15,51.84,58,19,10.04,few clouds,2021-12-02 04:56:05
629,Kalemie,CD,-5.9475,29.1947,70.11,85,71,2.21,light rain,2021-12-02 04:56:05
630,Puerto Carreno,CO,6.189,-67.4859,79.5,75,100,13.69,light rain,2021-12-02 04:56:05
631,Bignona,SN,12.8103,-16.2264,71.28,30,90,7.52,overcast clouds,2021-12-02 04:56:06
632,Mezen,RU,65.8522,44.24,15.13,94,100,6.96,light snow,2021-12-02 04:56:06
633,Port Augusta,AU,-32.5,137.7667,86.7,52,2,23.69,clear sky,2021-12-02 04:56:06
634,Eloy,US,32.7559,-111.5548,70.74,30,51,1.41,broken clouds,2021-12-02 04:56:06
635,Pozo Colorado,PY,-23.4923,-58.7972,74.39,44,26,7.2,scattered clouds,2021-12-02 04:56:07
636,Hirado,JP,33.3597,129.5531,46.38,63,93,15.79,overcast clouds,2021-12-02 04:56:07
637,Sobolevo,RU,54.4299,31.8996,24.3,92,100,12.57,overcast clouds,2021-12-02 04:56:07
638,Juneau,US,58.3019,-134.4197,34.21,88,75,6.11,snow,2021-12-02 04:56:08
639,Castlemaine,AU,-37.0667,144.2167,91.35,36,91,17.07,heavy intensity rain,2021-12-02 04:56:08
640,Imbituba,BR,-28.24,-48.6703,71.82,81,100,6.64,overcast clouds,2021-12-02 04:51:10
641,Ikwiriri,TZ,-7.9562,38.9716,78.53,83,34,2.01,light rain,2021-12-02 04:56:09
642,Tautira,PF,-17.7333,-149.15,82.42,76,100,18.88,light rain,2021-12-02 04:56:09
643,Inta,RU,66.0317,60.1659,11.5,90,100,11.92,overcast clouds,2021-12-02 04:56:09
644,Aasiaat,GL,68.7098,-52.8699,24.04,71,94,10.11,overcast clouds,2021-12-02 04:56:10
645,Smithers,CA,54.7804,-127.1743,35.92,38,75,16.11,light snow,2021-12-02 04:56:10
646,Roald,NO,62.5833,6.1333,38.91,69,75,17.27,broken clouds,2021-12-02 04:56:10
647,Sungairaya,ID,0.7,108.9,88.74,58,88,5.91,overcast clouds,2021-12-02 04:57:10
648,Letychiv,UA,49.3826,27.6305,35.08,81,95,13.44,overcast clouds,2021-12-02 04:57:11
649,Amahai,ID,-3.3333,128.9167,79.54,84,100,4.94,heavy intensity rain,2021-12-02 04:57:11
650,Sorochinsk,RU,52.4338,53.1583,26.51,93,30,8.39,scattered clouds,2021-12-02 04:57:11
651,Sovetskiy,RU,61.3614,63.5842,25.39,98,100,7.4,overcast clouds,2021-12-02 04:57:12
652,Puerto Suarez,BO,-18.95,-57.8,75.18,89,94,1.95,overcast clouds,2021-12-02 04:57:12
653,Vila Do Maio,CV,15.1333,-23.2167,74.19,68,100,18.01,overcast clouds,2021-12-02 04:57:12
654,Matara,LK,5.9485,80.5353,84.34,66,10,4.36,clear sky,2021-12-02 04:57:13
655,Pathein,MM,16.7833,94.7333,81.82,60,6,11.39,clear sky,2021-12-02 04:57:13
656,Concepcion Del Uruguay,AR,-32.4825,-58.2372,58.12,78,0,5.14,clear sky,2021-12-02 04:57:13
657,Portadown,GB,54.4241,-6.4412,42.4,81,94,16.87,overcast clouds,2021-12-02 04:57:14
658,Mundra,IN,22.85,69.7333,72.57,64,0,13.78,clear sky,2021-12-02 04:57:14
659,Fuerte Olimpo,PY,-21.0415,-57.8738,77.58,72,98,2.15,overcast clouds,2021-12-02 04:57:14
660,Darhan,MN,49.4867,105.9228,22.17,75,81,3.74,broken clouds,2021-12-02 04:57:14
661,Huoqiu,CN,32.3394,116.2694,56.7,20,0,17.45,clear sky,2021-12-02 04:57:15
662,Aksarayskiy,RU,46.7924,48.0119,37.35,76,98,16.22,overcast clouds,2021-12-02 04:57:15
663,Marienburg,PL,54.0359,19.0266,40.84,79,100,27.31,overcast clouds,2021-12-02 04:57:15
664,Dunedin,NZ,-45.8742,170.5036,57.97,87,100,15.23,overcast clouds,2021-12-02 04:53:04
665,Khingansk,RU,49.1167,131.1833,8.69,89,100,1.63,light snow,2021-12-02 04:57:16
666,Oildale,US,35.4197,-119.0195,71.96,68,1,1.74,clear sky,2021-12-02 04:57:16
667,Bilma,NE,18.6853,12.9164,64.35,22,17,7.43,few clouds,2021-12-02 04:57:16
668,Komsomolskiy,UZ,40.4272,71.7189,47.62,46,17,2.3,few clouds,2021-12-02 04:57:17
669,Pekalongan,ID,-6.8886,109.6753,86.05,63,99,3.74,overcast clouds,2021-12-02 04:57:17
670,Mukhen,RU,48.1,136.1,11.82,79,53,9.31,broken clouds,2021-12-02 04:57:17
671,Franca,BR,-20.5386,-47.4008,65.25,79,8,1.61,clear sky,2021-12-02 04:57:17
672,Bundaberg,AU,-24.85,152.35,84.49,70,75,17.27,broken clouds,2021-12-02 04:57:18
673,Colquechaca,BO,-18.6667,-66.0167,39.42,80,100,6.6,overcast clouds,2021-12-02 04:57:18
674,Mayumba,GA,-3.432,10.6554,75.78,90,98,3.11,light rain,2021-12-02 04:57:18
675,Carinhanha,BR,-14.3047,-43.765,72.32,89,97,1.79,overcast clouds,2021-12-02 04:53:17
676,Oshawa,CA,43.9001,-78.8496,42.91,75,90,6.91,overcast clouds,2021-12-02 04:57:19
677,Aswan,EG,24.0934,32.907,60.1,58,0,12.66,clear sky,2021-12-02 04:57:19
678,Along,IN,28.1667,94.7667,76.05,37,95,0.98,overcast clouds,2021-12-02 04:57:19
679,Carbonia,IT,39.1672,8.5222,56.05,83,74,18.28,broken clouds,2021-12-02 04:57:19
680,Alyangula,AU,-13.8483,136.4192,87.67,79,90,6.91,light rain,2021-12-02 04:57:20
681,Valley City,US,46.9233,-98.0032,43.32,61,40,17.27,scattered clouds,2021-12-02 04:57:20
682,Daniel Flores,CR,9.3355,-83.6694,71.76,88,87,3.91,overcast clouds,2021-12-02 04:57:20
683,Baykit,RU,61.67,96.37,6.31,95,100,1.59,overcast clouds,2021-12-02 04:57:21
684,Keuruu,FI,62.2667,24.7,15.98,97,92,1.83,overcast clouds,2021-12-02 04:57:21
685,Bafq,IR,31.6128,55.4107,63.12,26,94,11.81,overcast clouds,2021-12-02 04:57:21
686,Znamenskoye,RU,57.1281,73.8282,28.06,74,100,12.06,overcast clouds,2021-12-02 04:57:21
687,Kyren,RU,51.6828,102.1408,25.29,72,52,0.69,broken clouds,2021-12-02 04:57:22
688,Pitimbu,BR,-7.4706,-34.8086,79.39,77,96,11.72,overcast clouds,2021-12-02 04:57:22
689,Inongo,CD,-1.95,18.2667,70.45,97,99,3.02,overcast clouds,2021-12-02 04:57:22
690,Szczytno,PL,53.5626,20.9875,39.13,93,75,19.57,broken clouds,2021-12-02 04:57:23
691,Shiyan,CN,32.6475,110.7781,63.41,29,1,9.44,clear sky,2021-12-02 04:57:23
692,Beihai,CN,21.4833,109.1,67.96,29,43,4.25,scattered clouds,2021-12-02 04:57:23
693,Gat,IL,31.61,34.7642,63.09,63,63,7.18,broken clouds,2021-12-02 04:57:23
694,Bosobolo,CD,4.1833,19.9,71.6,90,100,3.47,overcast clouds,2021-12-02 04:58:24
695,Nemuro,JP,43.3236,145.575,37.83,57,37,29.44,scattered clouds,2021-12-02 04:58:24
696,Terney,RU,45.0503,136.6092,24.03,60,1,7.31,clear sky,2021-12-02 04:58:25
697,Monchegorsk,RU,67.9397,32.8739,23.25,72,100,20.0,overcast clouds,2021-12-02 04:58:25
698,Anori,BR,-3.7728,-61.6442,71.56,99,100,2.42,overcast clouds,2021-12-02 04:58:26
699,Kijang,KR,35.2442,129.2139,44.33,44,0,10.87,clear sky,2021-12-02 04:58:26
700,Nauta,PE,-4.5061,-73.5757,72.45,98,100,2.35,overcast clouds,2021-12-02 04:58:27
701,Tarusa,RU,54.7233,37.1767,23.56,89,73,8.57,broken clouds,2021-12-02 04:58:27
702,Ndjole,GA,-0.1783,10.7649,74.14,98,100,1.01,overcast clouds,2021-12-02 04:58:27
703,Bandundu,CD,-3.3167,17.3667,72.09,92,100,2.01,overcast clouds,2021-12-02 04:55:08
